ts_code,name,signal_trade_date,signal_state,cross_age,predicted_cross_days,dd250,high_age,pos60,stable,green_days,green_peak_pct,green_area_pct,slope3_pct,slope_accel_pct,hist_expand_pct,r3_pct,daily_pct,vol_ratio,market_r3_pct,flow3_ratio_current,flow3_complete_current,flow_asof_current,flow3_ratio_lagged,flow3_complete_lagged,flow_asof_lagged,no_new_low_5,limit_pct,heat_ratio,consecutive_limit_up,shape_score,strategy,ranking_score,data_status
003021.SZ,兆威机电,20260831,pending,21,0.078,49.399,382,21.377,True,8,3.015,12.945,0.1908,0.385,0.603,5.834,6.631,1.733,1.886,0.007126037210755939,True,20260831,-0.008145902069830275,True,20260828,True,9.996,0.663,0,89.58,L1_CROSS_WINDOW_PURE,89.58,today_close
000818.SZ,航锦科技,20260831,pending,20,0.689,53.954,398,21.244,True,9,2.704,15.061,0.1715,0.3212,0.5734,3.045,0.886,0.655,1.886,0.007047878447333177,True,20260831,0.00019642443769922436,True,20260828,True,9.992,0.089,0,88.97,L1_CROSS_WINDOW_PURE,88.97,today_close
688041.SH,海光信息,20260831,pending,12,0.377,31.434,187,16.553,True,9,3.711,20.517,0.3387,0.3009,1.0634,9.932,3.426,0.849,1.886,0.0045941284389140625,True,20260831,0.0006489766418668604,True,20260828,True,20.001,0.171,0,88.78,L1_CROSS_WINDOW_PURE,88.78,today_close
688100.SH,威胜信息,20260831,pending,37,1.447,42.307,301,13.827,True,11,3.469,26.104,0.0967,0.3078,0.5517,1.826,1.275,0.848,1.886,0.004261996539047923,True,20260831,0.000641763118085842,True,20260828,True,20.015,0.064,0,85.49,L1_CROSS_WINDOW_PURE,85.49,today_close
600410.SH,华胜天成,20260831,pending,25,1.664,57.59,271,15.282,True,8,2.785,15.946,0.0578,0.2846,0.5284,3.826,2.291,0.541,1.886,0.002658568749574757,True,20260831,-0.000521661936697745,True,20260828,True,9.978,0.23,0,83.36,L1_CROSS_WINDOW_PURE,83.36,today_close
300528.SZ,幸福蓝海,20260831,pending,16,0.454,58.602,384,13.222,True,10,2.191,14.055,0.0935,0.2331,0.4132,2.776,3.978,0.881,1.886,0.0017645644185545557,True,20260831,-0.008989823564408696,True,20260828,True,19.969,0.199,0,82.92,L1_CROSS_WINDOW_PURE,82.92,today_close
300251.SZ,光线传媒,20260831,just_cross,0,0.0,56.11,283,32.384,True,11,1.834,14.142,0.202,0.2021,0.5428,6.966,6.868,2.547,1.886,0.018821847329775536,True,20260831,0.0004462858261166456,True,20260828,True,19.963,0.344,0,82.06,L1_CROSS_WINDOW_PURE,82.06,today_close
600418.SH,江淮汽车,20260831,pending,37,1.616,63.932,384,9.548,True,9,2.489,12.435,0.0803,0.3255,0.3672,-0.522,-0.333,0.519,1.886,-0.00437563259638112,True,20260831,-0.005819435117912274,True,20260828,True,9.981,-0.033,0,81.99,L1_CROSS_WINDOW_PURE,81.99,today_close
301137.SZ,哈焊华通,20260831,pending,27,1.72,52.792,307,38.491,True,9,3.868,22.083,0.1117,0.3241,0.6721,2.27,0.996,0.406,1.886,0.006840024807290899,True,20260831,-0.002952610739195854,True,20260828,True,19.988,0.05,0,79.95,L1_CROSS_WINDOW_PURE,79.95,today_close
002402.SZ,和而泰,20260831,pending,20,0.438,65.29,357,12.687,True,8,1.836,8.137,0.1497,0.2205,0.4746,2.661,1.207,0.616,1.886,0.005878574675188845,True,20260831,0.0024373855103006197,True,20260828,True,10.021,0.12,0,79.8,L1_CROSS_WINDOW_PURE,79.8,today_close
300242.SZ,佳云科技,20260831,pending,23,1.07,38.323,287,14.876,True,10,2.386,15.131,0.0776,0.2351,0.4166,1.98,1.728,0.672,1.886,0.003812595584487477,True,20260831,-0.009787309080799726,True,20260828,True,20.0,0.086,0,79.68,L1_CROSS_WINDOW_PURE,79.68,today_close
688365.SH,光云科技,20260831,pending,24,0.549,55.819,305,33.607,True,8,2.331,11.636,0.1661,0.2364,0.6353,8.393,1.478,1.815,1.886,0.007197504448987691,True,20260831,0.010110895959840995,True,20260828,False,20.013,0.074,0,79.19,L1_CROSS_WINDOW_PURE,79.19,today_close
000582.SZ,北部湾港,20260831,pending,40,1.495,24.681,215,28.322,True,12,4.629,39.711,0.1357,0.3561,0.776,4.174,0.989,0.616,1.886,0.004040552407816479,True,20260831,0.003861796634963646,True,20260828,True,9.982,0.099,0,78.06,L1_CROSS_WINDOW_PURE,78.06,today_close
002413.SZ,雷科防务,20260831,pending,24,0.237,59.96,307,20.415,True,8,1.789,8.292,0.1591,0.27,0.4645,3.333,1.256,0.452,1.886,0.005418072891282876,True,20260831,0.0030048650076536783,True,20260828,True,10.05,0.125,0,77.63,L1_CROSS_WINDOW_PURE,77.63,today_close
300047.SZ,天源迪科,20260831,pending,41,1.145,52.208,398,39.865,True,11,2.654,16.738,0.0993,0.2736,0.4049,0.965,0.641,0.723,1.886,0.0027077196168801302,True,20260831,0.001856732634026906,True,20260828,True,19.979,0.032,0,76.92,L1_CROSS_WINDOW_PURE,76.92,today_close
688208.SH,道通科技,20260831,pending,43,0.751,35.341,226,38.529,True,13,2.781,19.873,0.1353,0.2683,0.4563,0.734,0.192,0.619,1.886,-0.0036868125890750373,True,20260831,-0.00040182367071161916,True,20260828,True,20.008,0.01,0,76.39,L1_CROSS_WINDOW_PURE,76.39,today_close
600389.SH,江山股份,20260831,just_cross,0,0.0,40.176,270,29.855,True,11,1.566,12.317,0.1964,0.1424,0.4642,2.936,-1.662,0.944,1.886,0.0018378784551210702,True,20260831,0.0032229157367518794,True,20260828,True,10.026,-0.166,0,76.17,L1_CROSS_WINDOW_PURE,76.17,today_close
002887.SZ,绿茵生态,20260831,pending,29,0.802,33.609,225,23.782,True,8,2.512,12.423,0.1078,0.2763,0.4887,3.673,3.891,0.739,1.886,0.005245303261954325,True,20260831,-0.0013785138825845736,True,20260828,True,9.989,0.389,0,75.46,L1_CROSS_WINDOW_PURE,75.46,today_close
002588.SZ,史丹利,20260831,pending,41,1.262,26.18,269,39.259,True,14,3.081,20.559,0.137,0.1803,0.6644,4.859,0.49,1.402,1.886,0.00808431113397907,True,20260831,0.013438191546125513,True,20260828,True,10.049,0.049,0,74.67,L1_CROSS_WINDOW_PURE,74.67,today_close
002255.SZ,海陆重工,20260831,pending,25,1.337,46.896,307,13.158,True,8,1.885,9.846,0.0771,0.1766,0.3653,1.02,0.0,0.505,1.886,-0.0011385323313461565,True,20260831,-0.0003798233629836224,True,20260828,True,9.975,0.0,0,74.18,L1_CROSS_WINDOW_PURE,74.18,today_close
300315.SZ,掌趣科技,20260831,pending,43,1.788,43.399,305,33.333,True,12,2.725,19.285,0.0479,0.2032,0.4498,2.284,1.256,1.097,1.886,0.009380100079042913,True,20260831,0.003067124514427532,True,20260828,True,20.101,0.063,0,74.04,L1_CROSS_WINDOW_PURE,74.04,today_close
603169.SH,兰石重装,20260831,pending,29,1.399,51.824,307,23.755,True,9,1.82,9.307,0.1354,0.2423,0.3468,0.31,-1.97,0.78,1.886,-0.0020539354519528686,True,20260831,0.0010975734751528714,True,20260828,True,10.0,-0.197,0,73.96,L1_CROSS_WINDOW_PURE,73.96,today_close
600160.SH,巨化股份,20260831,just_cross,1,999.0,27.413,196,18.72,True,8,1.572,8.333,0.3241,0.2218,0.6609,6.265,0.0,0.991,1.886,0.0007401703272974579,True,20260831,0.0006319971333500614,True,20260828,False,9.99,0.0,0,73.71,L1_CROSS_WINDOW_PURE,73.71,today_close
003006.SZ,百亚股份,20260831,just_cross,2,999.0,54.131,391,26.349,True,10,1.338,9.25,0.2416,0.1329,0.3414,1.243,-1.353,1.153,1.886,-0.003777046195746894,True,20260831,-0.0004123611777043427,True,20260828,True,9.972,-0.136,0,73.48,L1_CROSS_WINDOW_PURE,73.48,today_close
603416.SH,信捷电气,20260831,just_cross,0,0.0,23.568,300,31.291,True,8,2.151,10.686,0.3238,0.2749,0.6979,6.498,3.136,1.198,1.886,0.009937538878452418,True,20260831,0.0004300394616302078,True,20260828,True,10.004,0.313,0,73.12,L1_CROSS_WINDOW_PURE,73.12,today_close
300408.SZ,三环集团,20260831,pending,21,1.613,32.535,196,30.186,True,8,2.755,15.156,0.0547,0.2564,0.543,5.806,2.459,0.774,1.886,-0.0029311868381459204,True,20260831,-0.006953612260642708,True,20260828,False,20.002,0.123,0,72.68,L1_CROSS_WINDOW_PURE,72.68,today_close
600633.SH,浙数文化,20260831,pending,42,1.252,37.931,305,33.03,True,11,2.487,17.295,0.0652,0.2241,0.4306,2.65,2.348,0.901,1.886,0.006715891277196415,True,20260831,0.002102101096259201,True,20260828,True,9.98,0.235,0,72.68,L1_CROSS_WINDOW_PURE,72.68,today_close
600771.SH,广誉远,20260831,just_cross,1,999.0,35.708,399,35.484,True,18,1.461,16.329,0.1661,0.1614,0.3278,0.509,-1.216,0.767,1.886,0.004093052133952568,True,20260831,0.004952654635542613,True,20260828,True,10.014,-0.121,0,70.92,L1_CROSS_WINDOW_PURE,70.92,today_close
300007.SZ,汉威科技,20260831,pending,22,1.321,54.342,381,14.117,True,8,1.686,9.297,0.0503,0.1772,0.3529,2.847,1.956,0.622,1.886,0.005479150673902934,True,20260831,-0.0030481728425130966,True,20260828,True,20.013,0.098,0,70.89,L1_CROSS_WINDOW_PURE,70.89,today_close
002488.SZ,金固股份,20260831,pending,30,0.513,40.641,402,15.552,True,12,1.671,9.828,0.0974,0.1407,0.3567,1.726,1.103,0.542,1.886,0.0035837617316435435,True,20260831,-0.003138956354119211,True,20260828,False,10.049,0.11,0,70.76,L1_CROSS_WINDOW_PURE,70.76,today_close
600310.SH,广西能源,20260831,just_cross,0,0.0,34.248,259,37.583,True,10,2.079,12.144,0.1552,0.2622,0.3649,0.0,-0.464,0.614,1.886,-0.00576939055632827,True,20260831,0.0018368240837152397,True,20260828,True,9.977,-0.047,0,70.52,L1_CROSS_WINDOW_PURE,70.52,today_close
002625.SZ,光启技术,20260831,pending,29,1.5,50.253,307,17.854,True,9,1.809,11.049,0.0426,0.1819,0.3133,1.817,0.634,0.668,1.886,0.003334951877059008,True,20260831,-0.0047219258496453125,True,20260828,False,10.0,0.063,0,69.85,L1_CROSS_WINDOW_PURE,69.85,today_close
000636.SZ,风华高科,20260831,pending,21,2.308,30.169,198,39.345,True,8,3.901,18.632,0.0511,0.2349,0.7267,9.547,0.775,0.767,1.886,-0.003057179780609482,True,20260831,-0.0016583450168792249,True,20260828,False,10.009,0.077,0,69.65,L1_CROSS_WINDOW_PURE,69.65,today_close
000404.SZ,长虹华意,20260831,pending,22,2.839,22.124,224,3.497,True,13,2.211,17.975,0.0398,0.1528,0.218,-1.117,-0.562,0.487,1.886,-0.01741005153656359,True,20260831,-0.010309662366353108,True,20260828,True,9.972,-0.056,0,69.09,L1_CROSS_WINDOW_PURE,69.09,today_close
300520.SZ,科大国创,20260831,pending,25,1.659,54.401,305,22.791,True,8,1.958,10.416,0.0308,0.1505,0.3499,2.081,1.735,0.579,1.886,0.0005152955539924782,True,20260831,0.0013744511045562303,True,20260828,False,20.017,0.087,0,68.66,L1_CROSS_WINDOW_PURE,68.66,today_close
603859.SH,能科科技,20260831,pending,21,0.98,33.403,305,18.035,True,8,2.034,10.886,0.0352,0.1585,0.4204,6.288,3.846,0.991,1.886,0.005840005739342976,True,20260831,-0.00375970805665709,True,20260828,True,9.989,0.385,0,68.53,L1_CROSS_WINDOW_PURE,68.53,today_close
002230.SZ,科大讯飞,20260831,pending,21,1.492,36.441,303,26.178,True,10,2.005,13.005,0.0587,0.1775,0.3525,1.614,0.599,0.665,1.886,-0.0046261236520214665,True,20260831,-0.00635309999088268,True,20260828,True,10.01,0.06,0,68.35,L1_CROSS_WINDOW_PURE,68.35,today_close
300422.SZ,博世科,20260831,pending,27,0.596,30.348,225,19.091,True,10,1.808,10.921,0.0939,0.2465,0.3063,0.719,0.0,0.874,1.886,-0.009372283923787084,True,20260831,-0.005595733818683508,True,20260828,True,20.0,0.0,0,67.08,L1_CROSS_WINDOW_PURE,67.08,today_close
600862.SH,中航高科,20260831,just_cross,0,0.0,34.156,307,36.573,True,30,1.716,20.738,0.1435,0.128,0.311,2.339,0.843,1.017,1.886,0.0022881731581218287,True,20260831,0.003413325984504925,True,20260828,True,10.006,0.084,0,66.99,L1_CROSS_WINDOW_PURE,66.99,today_close
002979.SZ,雷赛智能,20260831,pending,17,1.6,21.368,193,31.212,True,9,2.361,14.022,0.0615,0.2057,0.4408,3.364,1.312,0.717,1.886,-0.005271989369892764,True,20260831,-0.004935597908285918,True,20260828,True,9.998,0.131,0,66.81,L1_CROSS_WINDOW_PURE,66.81,today_close
000681.SZ,视觉中国,20260831,pending,24,0.737,51.011,304,18.378,True,8,1.552,8.02,0.0313,0.1177,0.3374,6.37,4.053,1.435,1.886,0.008885703269332912,True,20260831,-0.00632708071691616,True,20260828,False,9.982,0.406,0,62.53,L1_CROSS_WINDOW_PURE,62.53,today_close
300699.SZ,光威复材,20260831,pending,23,1.422,46.103,307,13.196,False,8,1.741,8.936,0.0496,0.0599,0.3666,3.507,0.875,0.859,1.886,0.006285186725758909,True,20260831,0.007370906159659249,True,20260828,False,20.008,0.044,0,61.89,L1_CROSS_WINDOW_PURE,61.89,today_close
002892.SZ,科力尔,20260831,pending,40,1.623,45.582,381,19.905,True,9,1.524,8.246,0.0446,0.1551,0.2164,0.109,0.767,0.644,1.886,0.00023586924633119518,True,20260831,-0.0004427863601808275,True,20260828,True,9.967,0.077,0,60.51,L1_CROSS_WINDOW_PURE,60.51,today_close
300231.SZ,银信科技,20260831,pending,21,0.733,36.383,398,36.68,True,9,1.77,9.594,0.0823,0.2072,0.3051,1.324,0.477,0.789,1.886,-0.002778908217196498,True,20260831,-0.0021841527994031626,True,20260828,True,20.048,0.024,0,60.21,L1_CROSS_WINDOW_PURE,60.21,today_close
300284.SZ,苏交科,20260831,pending,39,1.299,44.657,398,32.143,True,10,1.665,10.153,0.0371,0.1745,0.2466,0.959,0.569,0.621,1.886,-0.005836644753648947,True,20260831,-0.004279751796327291,True,20260828,True,19.924,0.029,0,58.91,L1_CROSS_WINDOW_PURE,58.91,today_close
600982.SH,宁波能源,20260831,pending,34,1.029,31.646,215,22.819,True,11,1.397,8.947,0.0755,0.1561,0.2401,0.0,-1.018,0.629,1.886,0.00020659493267001898,True,20260831,0.002621422583488744,True,20260828,True,9.98,-0.102,0,58.6,L1_CROSS_WINDOW_PURE,58.6,today_close
300533.SZ,冰川网络,20260831,pending,21,0.84,28.287,396,35.685,True,9,1.511,9.116,0.0338,0.1601,0.2887,3.083,3.011,0.963,1.886,0.003395999178237117,True,20260831,-0.005730213438996817,True,20260828,True,20.028,0.15,0,52.51,L1_CROSS_WINDOW_PURE,52.51,today_close
600845.SH,宝信软件,20260831,pending,20,0.937,30.486,396,33.681,True,11,1.373,8.444,0.0678,0.1252,0.274,1.146,0.227,0.644,1.886,-0.0028572773090271572,True,20260831,-0.004869755324512218,True,20260828,True,9.994,0.023,0,52.1,L1_CROSS_WINDOW_PURE,52.1,today_close
688568.SH,中科星图,20260831,pending,27,1.431,66.269,305,11.909,False,7,2.461,11.06,0.0598,0.1025,0.5067,5.752,1.506,1.192,1.886,0.008581041818470789,True,20260831,0.0009673977533987461,True,20260828,False,20.013,0.075,0,74.89,L2_EARLY_FLOW_MARKET,65.99,today_close_full_flow
000681.SZ,视觉中国,20260831,pending,24,0.737,51.011,304,18.378,True,8,1.552,8.02,0.0313,0.1177,0.3374,6.37,4.053,1.435,1.886,0.008885703269332912,True,20260831,-0.00632708071691616,True,20260828,False,9.982,0.406,0,62.53,L2_EARLY_FLOW_MARKET,59.73,today_close_full_flow
