level,code,name,parentCode,status,sourceReleaseId
1,801010.SI,农林牧渔,,active,qdh-bj-20260830T124025
1,801030.SI,基础化工,,active,qdh-bj-20260830T124025
1,801040.SI,钢铁,,active,qdh-bj-20260830T124025
1,801050.SI,有色金属,,active,qdh-bj-20260830T124025
1,801080.SI,电子,,active,qdh-bj-20260830T124025
1,801110.SI,家用电器,,active,qdh-bj-20260830T124025
1,801120.SI,食品饮料,,active,qdh-bj-20260830T124025
1,801130.SI,纺织服饰,,active,qdh-bj-20260830T124025
1,801140.SI,轻工制造,,active,qdh-bj-20260830T124025
1,801150.SI,医药生物,,active,qdh-bj-20260830T124025
1,801160.SI,公用事业,,active,qdh-bj-20260830T124025
1,801170.SI,交通运输,,active,qdh-bj-20260830T124025
1,801180.SI,房地产,,active,qdh-bj-20260830T124025
1,801200.SI,商贸零售,,active,qdh-bj-20260830T124025
1,801210.SI,社会服务,,active,qdh-bj-20260830T124025
1,801230.SI,综合,,active,qdh-bj-20260830T124025
1,801710.SI,建筑材料,,active,qdh-bj-20260830T124025
1,801720.SI,建筑装饰,,active,qdh-bj-20260830T124025
1,801730.SI,电力设备,,active,qdh-bj-20260830T124025
1,801740.SI,国防军工,,active,qdh-bj-20260830T124025
1,801750.SI,计算机,,active,qdh-bj-20260830T124025
1,801760.SI,传媒,,active,qdh-bj-20260830T124025
1,801770.SI,通信,,active,qdh-bj-20260830T124025
1,801780.SI,银行,,active,qdh-bj-20260830T124025
1,801790.SI,非银金融,,active,qdh-bj-20260830T124025
1,801880.SI,汽车,,active,qdh-bj-20260830T124025
1,801890.SI,机械设备,,active,qdh-bj-20260830T124025
1,801950.SI,煤炭,,active,qdh-bj-20260830T124025
1,801960.SI,石油石化,,active,qdh-bj-20260830T124025
1,801970.SI,环保,,active,qdh-bj-20260830T124025
1,801980.SI,美容护理,,active,qdh-bj-20260830T124025
2,801011.SI,林业Ⅱ,801010.SI,active,qdh-bj-20260830T124025
2,801012.SI,农产品加工,801010.SI,active,qdh-bj-20260830T124025
2,801014.SI,饲料,801010.SI,active,qdh-bj-20260830T124025
2,801015.SI,渔业,801010.SI,active,qdh-bj-20260830T124025
2,801016.SI,种植业,801010.SI,active,qdh-bj-20260830T124025
2,801017.SI,养殖业,801010.SI,active,qdh-bj-20260830T124025
2,801018.SI,动物保健Ⅱ,801010.SI,active,qdh-bj-20260830T124025
2,801019.SI,农业综合Ⅱ,801010.SI,active,qdh-bj-20260830T124025
2,801032.SI,化学纤维,801030.SI,active,qdh-bj-20260830T124025
2,801033.SI,化学原料,801030.SI,active,qdh-bj-20260830T124025
2,801034.SI,化学制品,801030.SI,active,qdh-bj-20260830T124025
2,801036.SI,塑料,801030.SI,active,qdh-bj-20260830T124025
2,801037.SI,橡胶,801030.SI,active,qdh-bj-20260830T124025
2,801038.SI,农化制品,801030.SI,active,qdh-bj-20260830T124025
2,801039.SI,非金属材料Ⅱ,801030.SI,active,qdh-bj-20260830T124025
2,801043.SI,冶钢原料,801040.SI,active,qdh-bj-20260830T124025
2,801044.SI,普钢,801040.SI,active,qdh-bj-20260830T124025
2,801045.SI,特钢Ⅱ,801040.SI,active,qdh-bj-20260830T124025
2,801051.SI,金属新材料,801050.SI,active,qdh-bj-20260830T124025
2,801053.SI,贵金属,801050.SI,active,qdh-bj-20260830T124025
2,801054.SI,小金属,801050.SI,active,qdh-bj-20260830T124025
2,801055.SI,工业金属,801050.SI,active,qdh-bj-20260830T124025
2,801056.SI,能源金属,801050.SI,active,qdh-bj-20260830T124025
2,801072.SI,通用设备,801890.SI,active,qdh-bj-20260830T124025
2,801074.SI,专用设备,801890.SI,active,qdh-bj-20260830T124025
2,801076.SI,轨交设备Ⅱ,801890.SI,active,qdh-bj-20260830T124025
2,801077.SI,工程机械,801890.SI,active,qdh-bj-20260830T124025
2,801078.SI,自动化设备,801890.SI,active,qdh-bj-20260830T124025
2,801081.SI,半导体,801080.SI,active,qdh-bj-20260830T124025
2,801082.SI,其他电子Ⅱ,801080.SI,active,qdh-bj-20260830T124025
2,801083.SI,元件,801080.SI,active,qdh-bj-20260830T124025
2,801084.SI,光学光电子,801080.SI,active,qdh-bj-20260830T124025
2,801085.SI,消费电子,801080.SI,active,qdh-bj-20260830T124025
2,801086.SI,电子化学品Ⅱ,801080.SI,active,qdh-bj-20260830T124025
2,801092.SI,汽车服务,801880.SI,active,qdh-bj-20260830T124025
2,801093.SI,汽车零部件,801880.SI,active,qdh-bj-20260830T124025
2,801095.SI,乘用车,801880.SI,active,qdh-bj-20260830T124025
2,801096.SI,商用车,801880.SI,active,qdh-bj-20260830T124025
2,801101.SI,计算机设备,801750.SI,active,qdh-bj-20260830T124025
2,801102.SI,通信设备,801770.SI,active,qdh-bj-20260830T124025
2,801103.SI,IT服务Ⅱ,801750.SI,active,qdh-bj-20260830T124025
2,801104.SI,软件开发,801750.SI,active,qdh-bj-20260830T124025
2,801111.SI,白色家电,801110.SI,active,qdh-bj-20260830T124025
2,801112.SI,黑色家电,801110.SI,active,qdh-bj-20260830T124025
2,801113.SI,小家电,801110.SI,active,qdh-bj-20260830T124025
2,801114.SI,厨卫电器,801110.SI,active,qdh-bj-20260830T124025
2,801115.SI,照明设备Ⅱ,801110.SI,active,qdh-bj-20260830T124025
2,801116.SI,家电零部件Ⅱ,801110.SI,active,qdh-bj-20260830T124025
2,801117.SI,其他家电Ⅱ,801110.SI,active,qdh-bj-20260830T124025
2,801124.SI,食品加工,801120.SI,active,qdh-bj-20260830T124025
2,801125.SI,白酒Ⅱ,801120.SI,active,qdh-bj-20260830T124025
2,801126.SI,非白酒,801120.SI,active,qdh-bj-20260830T124025
2,801127.SI,饮料乳品,801120.SI,active,qdh-bj-20260830T124025
2,801128.SI,休闲食品,801120.SI,active,qdh-bj-20260830T124025
2,801129.SI,调味发酵品Ⅱ,801120.SI,active,qdh-bj-20260830T124025
2,801131.SI,纺织制造,801130.SI,active,qdh-bj-20260830T124025
2,801132.SI,服装家纺,801130.SI,active,qdh-bj-20260830T124025
2,801133.SI,饰品,801130.SI,active,qdh-bj-20260830T124025
2,801141.SI,包装印刷,801140.SI,active,qdh-bj-20260830T124025
2,801142.SI,家居用品,801140.SI,active,qdh-bj-20260830T124025
2,801143.SI,造纸,801140.SI,active,qdh-bj-20260830T124025
2,801145.SI,文娱用品,801140.SI,active,qdh-bj-20260830T124025
2,801151.SI,化学制药,801150.SI,active,qdh-bj-20260830T124025
2,801152.SI,生物制品,801150.SI,active,qdh-bj-20260830T124025
2,801153.SI,医疗器械,801150.SI,active,qdh-bj-20260830T124025
2,801154.SI,医药商业,801150.SI,active,qdh-bj-20260830T124025
2,801155.SI,中药Ⅱ,801150.SI,active,qdh-bj-20260830T124025
2,801156.SI,医疗服务,801150.SI,active,qdh-bj-20260830T124025
2,801161.SI,电力,801160.SI,active,qdh-bj-20260830T124025
2,801163.SI,燃气Ⅱ,801160.SI,active,qdh-bj-20260830T124025
2,801178.SI,物流,801170.SI,active,qdh-bj-20260830T124025
2,801179.SI,铁路公路,801170.SI,active,qdh-bj-20260830T124025
2,801181.SI,房地产开发,801180.SI,active,qdh-bj-20260830T124025
2,801183.SI,房地产服务,801180.SI,active,qdh-bj-20260830T124025
2,801191.SI,多元金融,801790.SI,active,qdh-bj-20260830T124025
2,801193.SI,证券Ⅱ,801790.SI,active,qdh-bj-20260830T124025
2,801194.SI,保险Ⅱ,801790.SI,active,qdh-bj-20260830T124025
2,801202.SI,贸易Ⅱ,801200.SI,active,qdh-bj-20260830T124025
2,801203.SI,一般零售,801200.SI,active,qdh-bj-20260830T124025
2,801204.SI,专业连锁Ⅱ,801200.SI,active,qdh-bj-20260830T124025
2,801206.SI,互联网电商,801200.SI,active,qdh-bj-20260830T124025
2,801207.SI,旅游零售Ⅱ,801200.SI,active,qdh-bj-20260830T124025
2,801216.SI,体育Ⅱ,801210.SI,active,qdh-bj-20260830T124025
2,801218.SI,专业服务,801210.SI,active,qdh-bj-20260830T124025
2,801219.SI,酒店餐饮,801210.SI,active,qdh-bj-20260830T124025
2,801223.SI,通信服务,801770.SI,active,qdh-bj-20260830T124025
2,801231.SI,综合Ⅱ,801230.SI,active,qdh-bj-20260830T124025
2,801711.SI,水泥,801710.SI,active,qdh-bj-20260830T124025
2,801712.SI,玻璃玻纤,801710.SI,active,qdh-bj-20260830T124025
2,801713.SI,装修建材,801710.SI,active,qdh-bj-20260830T124025
2,801721.SI,房屋建设Ⅱ,801720.SI,active,qdh-bj-20260830T124025
2,801722.SI,装修装饰Ⅱ,801720.SI,active,qdh-bj-20260830T124025
2,801723.SI,基础建设,801720.SI,active,qdh-bj-20260830T124025
2,801724.SI,专业工程,801720.SI,active,qdh-bj-20260830T124025
2,801726.SI,工程咨询服务Ⅱ,801720.SI,active,qdh-bj-20260830T124025
2,801731.SI,电机Ⅱ,801730.SI,active,qdh-bj-20260830T124025
2,801733.SI,其他电源设备Ⅱ,801730.SI,active,qdh-bj-20260830T124025
2,801735.SI,光伏设备,801730.SI,active,qdh-bj-20260830T124025
2,801736.SI,风电设备,801730.SI,active,qdh-bj-20260830T124025
2,801737.SI,电池,801730.SI,active,qdh-bj-20260830T124025
2,801738.SI,电网设备,801730.SI,active,qdh-bj-20260830T124025
2,801741.SI,航天装备Ⅱ,801740.SI,active,qdh-bj-20260830T124025
2,801742.SI,航空装备Ⅱ,801740.SI,active,qdh-bj-20260830T124025
2,801743.SI,地面兵装Ⅱ,801740.SI,active,qdh-bj-20260830T124025
2,801744.SI,航海装备Ⅱ,801740.SI,active,qdh-bj-20260830T124025
2,801745.SI,军工电子Ⅱ,801740.SI,active,qdh-bj-20260830T124025
2,801764.SI,游戏Ⅱ,801760.SI,active,qdh-bj-20260830T124025
2,801765.SI,广告营销,801760.SI,active,qdh-bj-20260830T124025
2,801766.SI,影视院线,801760.SI,active,qdh-bj-20260830T124025
2,801767.SI,数字媒体,801760.SI,active,qdh-bj-20260830T124025
2,801769.SI,出版,801760.SI,active,qdh-bj-20260830T124025
2,801782.SI,国有大型银行Ⅱ,801780.SI,active,qdh-bj-20260830T124025
2,801783.SI,股份制银行Ⅱ,801780.SI,active,qdh-bj-20260830T124025
2,801784.SI,城商行Ⅱ,801780.SI,active,qdh-bj-20260830T124025
2,801785.SI,农商行Ⅱ,801780.SI,active,qdh-bj-20260830T124025
2,801881.SI,摩托车及其他,801880.SI,active,qdh-bj-20260830T124025
2,801951.SI,煤炭开采,801950.SI,active,qdh-bj-20260830T124025
2,801952.SI,焦炭Ⅱ,801950.SI,active,qdh-bj-20260830T124025
2,801961.SI,油气开采Ⅱ,801960.SI,active,qdh-bj-20260830T124025
2,801962.SI,油服工程,801960.SI,active,qdh-bj-20260830T124025
2,801963.SI,炼化及贸易,801960.SI,active,qdh-bj-20260830T124025
2,801971.SI,环境治理,801970.SI,active,qdh-bj-20260830T124025
2,801972.SI,环保设备Ⅱ,801970.SI,active,qdh-bj-20260830T124025
2,801981.SI,个护用品,801980.SI,active,qdh-bj-20260830T124025
2,801982.SI,化妆品,801980.SI,active,qdh-bj-20260830T124025
2,801983.SI,医疗美容,801980.SI,active,qdh-bj-20260830T124025
2,801991.SI,航空机场,801170.SI,active,qdh-bj-20260830T124025
2,801992.SI,航运港口,801170.SI,active,qdh-bj-20260830T124025
2,801993.SI,旅游及景区,801210.SI,active,qdh-bj-20260830T124025
2,801994.SI,教育,801210.SI,active,qdh-bj-20260830T124025
2,801995.SI,电视广播Ⅱ,801760.SI,active,qdh-bj-20260830T124025
3,850111.SI,种子,801016.SI,active,qdh-bj-20260830T124025
3,850112.SI,粮食种植,801016.SI,active,qdh-bj-20260830T124025
3,850113.SI,其他种植业,801016.SI,active,qdh-bj-20260830T124025
3,850114.SI,食用菌,801016.SI,active,qdh-bj-20260830T124025
3,850121.SI,海洋捕捞,801015.SI,active,qdh-bj-20260830T124025
3,850122.SI,水产养殖,801015.SI,active,qdh-bj-20260830T124025
3,850131.SI,林业Ⅲ,801011.SI,active,qdh-bj-20260830T124025
3,850135.SI,食品及饲料添加剂,801034.SI,active,qdh-bj-20260830T124025
3,850136.SI,有机硅,801034.SI,active,qdh-bj-20260830T124025
3,850137.SI,胶黏剂及胶带,801034.SI,active,qdh-bj-20260830T124025
3,850142.SI,畜禽饲料,801014.SI,active,qdh-bj-20260830T124025
3,850143.SI,水产饲料,801014.SI,active,qdh-bj-20260830T124025
3,850144.SI,宠物食品,801014.SI,active,qdh-bj-20260830T124025
3,850151.SI,果蔬加工,801012.SI,active,qdh-bj-20260830T124025
3,850152.SI,粮油加工,801012.SI,active,qdh-bj-20260830T124025
3,850154.SI,其他农产品加工,801012.SI,active,qdh-bj-20260830T124025
3,850172.SI,生猪养殖,801017.SI,active,qdh-bj-20260830T124025
3,850173.SI,肉鸡养殖,801017.SI,active,qdh-bj-20260830T124025
3,850174.SI,其他养殖,801017.SI,active,qdh-bj-20260830T124025
3,850181.SI,动物保健Ⅲ,801018.SI,active,qdh-bj-20260830T124025
3,850191.SI,农业综合Ⅲ,801019.SI,active,qdh-bj-20260830T124025
3,850232.SI,汽车经销商,801092.SI,active,qdh-bj-20260830T124025
3,850233.SI,汽车综合服务,801092.SI,active,qdh-bj-20260830T124025
3,850321.SI,纯碱,801033.SI,active,qdh-bj-20260830T124025
3,850322.SI,氯碱,801033.SI,active,qdh-bj-20260830T124025
3,850323.SI,无机盐,801033.SI,active,qdh-bj-20260830T124025
3,850324.SI,其他化学原料,801033.SI,active,qdh-bj-20260830T124025
3,850325.SI,煤化工,801033.SI,active,qdh-bj-20260830T124025
3,850326.SI,钛白粉,801033.SI,active,qdh-bj-20260830T124025
3,850331.SI,氮肥,801038.SI,active,qdh-bj-20260830T124025
3,850332.SI,磷肥及磷化工,801038.SI,active,qdh-bj-20260830T124025
3,850333.SI,农药,801038.SI,active,qdh-bj-20260830T124025
3,850335.SI,涂料油墨,801034.SI,active,qdh-bj-20260830T124025
3,850336.SI,钾肥,801038.SI,active,qdh-bj-20260830T124025
3,850337.SI,民爆制品,801034.SI,active,qdh-bj-20260830T124025
3,850338.SI,纺织化学制品,801034.SI,active,qdh-bj-20260830T124025
3,850339.SI,其他化学制品,801034.SI,active,qdh-bj-20260830T124025
3,850341.SI,涤纶,801032.SI,active,qdh-bj-20260830T124025
3,850343.SI,粘胶,801032.SI,active,qdh-bj-20260830T124025
3,850344.SI,其他化学纤维,801032.SI,active,qdh-bj-20260830T124025
3,850345.SI,氨纶,801032.SI,active,qdh-bj-20260830T124025
3,850346.SI,锦纶,801032.SI,active,qdh-bj-20260830T124025
3,850351.SI,其他塑料制品,801036.SI,active,qdh-bj-20260830T124025
3,850353.SI,改性塑料,801036.SI,active,qdh-bj-20260830T124025
3,850354.SI,合成树脂,801036.SI,active,qdh-bj-20260830T124025
3,850355.SI,膜材料,801036.SI,active,qdh-bj-20260830T124025
3,850362.SI,其他橡胶制品,801037.SI,active,qdh-bj-20260830T124025
3,850363.SI,炭黑,801037.SI,active,qdh-bj-20260830T124025
3,850364.SI,橡胶助剂,801037.SI,active,qdh-bj-20260830T124025
3,850372.SI,聚氨酯,801034.SI,active,qdh-bj-20260830T124025
3,850381.SI,复合肥,801038.SI,active,qdh-bj-20260830T124025
3,850382.SI,氟化工,801034.SI,active,qdh-bj-20260830T124025
3,850412.SI,特钢Ⅲ,801045.SI,active,qdh-bj-20260830T124025
3,850431.SI,铁矿石,801043.SI,active,qdh-bj-20260830T124025
3,850432.SI,冶钢辅料,801043.SI,active,qdh-bj-20260830T124025
3,850441.SI,长材,801044.SI,active,qdh-bj-20260830T124025
3,850442.SI,板材,801044.SI,active,qdh-bj-20260830T124025
3,850443.SI,钢铁管材,801044.SI,active,qdh-bj-20260830T124025
3,850521.SI,其他金属新材料,801051.SI,active,qdh-bj-20260830T124025
3,850522.SI,磁性材料,801051.SI,active,qdh-bj-20260830T124025
3,850523.SI,非金属材料Ⅲ,801039.SI,active,qdh-bj-20260830T124025
3,850531.SI,黄金,801053.SI,active,qdh-bj-20260830T124025
3,850532.SI,白银,801053.SI,active,qdh-bj-20260830T124025
3,850541.SI,稀土,801054.SI,active,qdh-bj-20260830T124025
3,850542.SI,钨,801054.SI,active,qdh-bj-20260830T124025
3,850543.SI,锂,801056.SI,active,qdh-bj-20260830T124025
3,850544.SI,其他小金属,801054.SI,active,qdh-bj-20260830T124025
3,850545.SI,钼,801054.SI,active,qdh-bj-20260830T124025
3,850551.SI,铝,801055.SI,active,qdh-bj-20260830T124025
3,850552.SI,铜,801055.SI,active,qdh-bj-20260830T124025
3,850553.SI,铅锌,801055.SI,active,qdh-bj-20260830T124025
3,850561.SI,钴,801056.SI,active,qdh-bj-20260830T124025
3,850562.SI,镍,801056.SI,active,qdh-bj-20260830T124025
3,850614.SI,其他建材,801713.SI,active,qdh-bj-20260830T124025
3,850615.SI,耐火材料,801713.SI,active,qdh-bj-20260830T124025
3,850616.SI,管材,801713.SI,active,qdh-bj-20260830T124025
3,850617.SI,防水材料,801713.SI,active,qdh-bj-20260830T124025
3,850618.SI,涂料,801713.SI,active,qdh-bj-20260830T124025
3,850623.SI,房屋建设Ⅲ,801721.SI,active,qdh-bj-20260830T124025
3,850702.SI,安防设备,801101.SI,active,qdh-bj-20260830T124025
3,850703.SI,其他计算机设备,801101.SI,active,qdh-bj-20260830T124025
3,850711.SI,机床工具,801072.SI,active,qdh-bj-20260830T124025
3,850713.SI,磨具磨料,801072.SI,active,qdh-bj-20260830T124025
3,850715.SI,制冷空调设备,801072.SI,active,qdh-bj-20260830T124025
3,850716.SI,其他通用设备,801072.SI,active,qdh-bj-20260830T124025
3,850721.SI,纺织服装设备,801074.SI,active,qdh-bj-20260830T124025
3,850723.SI,农用机械,801074.SI,active,qdh-bj-20260830T124025
3,850725.SI,能源及重型设备,801074.SI,active,qdh-bj-20260830T124025
3,850726.SI,印刷包装机械,801074.SI,active,qdh-bj-20260830T124025
3,850727.SI,其他专用设备,801074.SI,active,qdh-bj-20260830T124025
3,850728.SI,楼宇设备,801074.SI,active,qdh-bj-20260830T124025
3,850731.SI,仪器仪表,801072.SI,active,qdh-bj-20260830T124025
3,850741.SI,电机Ⅲ,801731.SI,active,qdh-bj-20260830T124025
3,850751.SI,金属制品,801072.SI,active,qdh-bj-20260830T124025
3,850771.SI,工程机械整机,801077.SI,active,qdh-bj-20260830T124025
3,850772.SI,工程机械器件,801077.SI,active,qdh-bj-20260830T124025
3,850781.SI,机器人,801078.SI,active,qdh-bj-20260830T124025
3,850782.SI,工控设备,801078.SI,active,qdh-bj-20260830T124025
3,850783.SI,激光设备,801078.SI,active,qdh-bj-20260830T124025
3,850784.SI,其他自动化设备,801078.SI,active,qdh-bj-20260830T124025
3,850812.SI,分立器件,801081.SI,active,qdh-bj-20260830T124025
3,850813.SI,半导体材料,801081.SI,active,qdh-bj-20260830T124025
3,850814.SI,数字芯片设计,801081.SI,active,qdh-bj-20260830T124025
3,850815.SI,模拟芯片设计,801081.SI,active,qdh-bj-20260830T124025
3,850816.SI,集成电路制造,801081.SI,active,qdh-bj-20260830T124025
3,850817.SI,集成电路封测,801081.SI,active,qdh-bj-20260830T124025
3,850818.SI,半导体设备,801081.SI,active,qdh-bj-20260830T124025
3,850822.SI,印制电路板,801083.SI,active,qdh-bj-20260830T124025
3,850823.SI,被动元件,801083.SI,active,qdh-bj-20260830T124025
3,850831.SI,面板,801084.SI,active,qdh-bj-20260830T124025
3,850832.SI,LED,801084.SI,active,qdh-bj-20260830T124025
3,850833.SI,光学元件,801084.SI,active,qdh-bj-20260830T124025
3,850841.SI,其他电子Ⅲ,801082.SI,active,qdh-bj-20260830T124025
3,850853.SI,品牌消费电子,801085.SI,active,qdh-bj-20260830T124025
3,850854.SI,消费电子零部件及组装,801085.SI,active,qdh-bj-20260830T124025
3,850861.SI,电子化学品Ⅲ,801086.SI,active,qdh-bj-20260830T124025
3,850912.SI,商用载货车,801096.SI,active,qdh-bj-20260830T124025
3,850913.SI,商用载客车,801096.SI,active,qdh-bj-20260830T124025
3,850922.SI,车身附件及饰件,801093.SI,active,qdh-bj-20260830T124025
3,850923.SI,底盘与发动机系统,801093.SI,active,qdh-bj-20260830T124025
3,850924.SI,轮胎轮毂,801093.SI,active,qdh-bj-20260830T124025
3,850925.SI,其他汽车零部件,801093.SI,active,qdh-bj-20260830T124025
3,850926.SI,汽车电子电气系统,801093.SI,active,qdh-bj-20260830T124025
3,850935.SI,航海装备Ⅲ,801744.SI,active,qdh-bj-20260830T124025
3,850936.SI,轨交设备Ⅲ,801076.SI,active,qdh-bj-20260830T124025
3,850951.SI,电动乘用车,801095.SI,active,qdh-bj-20260830T124025
3,850952.SI,综合乘用车,801095.SI,active,qdh-bj-20260830T124025
3,851024.SI,通信网络设备及器件,801102.SI,active,qdh-bj-20260830T124025
3,851025.SI,通信线缆及配套,801102.SI,active,qdh-bj-20260830T124025
3,851026.SI,通信终端及配件,801102.SI,active,qdh-bj-20260830T124025
3,851027.SI,其他通信设备,801102.SI,active,qdh-bj-20260830T124025
3,851041.SI,垂直应用软件,801104.SI,active,qdh-bj-20260830T124025
3,851042.SI,横向通用软件,801104.SI,active,qdh-bj-20260830T124025
3,851112.SI,空调,801111.SI,active,qdh-bj-20260830T124025
3,851116.SI,冰洗,801111.SI,active,qdh-bj-20260830T124025
3,851121.SI,彩电,801112.SI,active,qdh-bj-20260830T124025
3,851122.SI,其他黑色家电,801112.SI,active,qdh-bj-20260830T124025
3,851131.SI,厨房小家电,801113.SI,active,qdh-bj-20260830T124025
3,851132.SI,清洁小家电,801113.SI,active,qdh-bj-20260830T124025
3,851133.SI,个护小家电,801113.SI,active,qdh-bj-20260830T124025
3,851141.SI,厨房电器,801114.SI,active,qdh-bj-20260830T124025
3,851142.SI,卫浴电器,801114.SI,active,qdh-bj-20260830T124025
3,851151.SI,照明设备Ⅲ,801115.SI,active,qdh-bj-20260830T124025
3,851161.SI,家电零部件Ⅲ,801116.SI,active,qdh-bj-20260830T124025
3,851171.SI,其他家电Ⅲ,801117.SI,active,qdh-bj-20260830T124025
3,851232.SI,啤酒,801126.SI,active,qdh-bj-20260830T124025
3,851233.SI,其他酒类,801126.SI,active,qdh-bj-20260830T124025
3,851241.SI,肉制品,801124.SI,active,qdh-bj-20260830T124025
3,851242.SI,调味发酵品Ⅲ,801129.SI,active,qdh-bj-20260830T124025
3,851243.SI,乳品,801127.SI,active,qdh-bj-20260830T124025
3,851246.SI,预加工食品,801124.SI,active,qdh-bj-20260830T124025
3,851247.SI,保健品,801124.SI,active,qdh-bj-20260830T124025
3,851251.SI,白酒Ⅲ,801125.SI,active,qdh-bj-20260830T124025
3,851271.SI,软饮料,801127.SI,active,qdh-bj-20260830T124025
3,851281.SI,零食,801128.SI,active,qdh-bj-20260830T124025
3,851282.SI,烘焙食品,801128.SI,active,qdh-bj-20260830T124025
3,851283.SI,熟食,801128.SI,active,qdh-bj-20260830T124025
3,851312.SI,棉纺,801131.SI,active,qdh-bj-20260830T124025
3,851314.SI,印染,801131.SI,active,qdh-bj-20260830T124025
3,851315.SI,辅料,801131.SI,active,qdh-bj-20260830T124025
3,851316.SI,其他纺织,801131.SI,active,qdh-bj-20260830T124025
3,851317.SI,纺织鞋类制造,801131.SI,active,qdh-bj-20260830T124025
3,851325.SI,鞋帽及其他,801132.SI,active,qdh-bj-20260830T124025
3,851326.SI,家纺,801132.SI,active,qdh-bj-20260830T124025
3,851328.SI,运动服装,801132.SI,active,qdh-bj-20260830T124025
3,851329.SI,非运动服装,801132.SI,active,qdh-bj-20260830T124025
3,851331.SI,钟表珠宝,801133.SI,active,qdh-bj-20260830T124025
3,851333.SI,其他饰品,801133.SI,active,qdh-bj-20260830T124025
3,851412.SI,大宗用纸,801143.SI,active,qdh-bj-20260830T124025
3,851413.SI,特种纸,801143.SI,active,qdh-bj-20260830T124025
3,851422.SI,印刷,801141.SI,active,qdh-bj-20260830T124025
3,851423.SI,金属包装,801141.SI,active,qdh-bj-20260830T124025
3,851424.SI,塑料包装,801141.SI,active,qdh-bj-20260830T124025
3,851425.SI,纸包装,801141.SI,active,qdh-bj-20260830T124025
3,851426.SI,综合包装,801141.SI,active,qdh-bj-20260830T124025
3,851436.SI,瓷砖地板,801142.SI,active,qdh-bj-20260830T124025
3,851437.SI,成品家居,801142.SI,active,qdh-bj-20260830T124025
3,851438.SI,定制家居,801142.SI,active,qdh-bj-20260830T124025
3,851439.SI,卫浴制品,801142.SI,active,qdh-bj-20260830T124025
3,851451.SI,文化用品,801145.SI,active,qdh-bj-20260830T124025
3,851452.SI,娱乐用品,801145.SI,active,qdh-bj-20260830T124025
3,851491.SI,其他家居用品,801142.SI,active,qdh-bj-20260830T124025
3,851511.SI,原料药,801151.SI,active,qdh-bj-20260830T124025
3,851512.SI,化学制剂,801151.SI,active,qdh-bj-20260830T124025
3,851521.SI,中药Ⅲ,801155.SI,active,qdh-bj-20260830T124025
3,851522.SI,血液制品,801152.SI,active,qdh-bj-20260830T124025
3,851523.SI,疫苗,801152.SI,active,qdh-bj-20260830T124025
3,851524.SI,其他生物制品,801152.SI,active,qdh-bj-20260830T124025
3,851532.SI,医疗设备,801153.SI,active,qdh-bj-20260830T124025
3,851533.SI,医疗耗材,801153.SI,active,qdh-bj-20260830T124025
3,851534.SI,体外诊断,801153.SI,active,qdh-bj-20260830T124025
3,851542.SI,医药流通,801154.SI,active,qdh-bj-20260830T124025
3,851543.SI,线下药店,801154.SI,active,qdh-bj-20260830T124025
3,851562.SI,诊断服务,801156.SI,active,qdh-bj-20260830T124025
3,851563.SI,医疗研发外包,801156.SI,active,qdh-bj-20260830T124025
3,851564.SI,医院,801156.SI,active,qdh-bj-20260830T124025
3,851565.SI,其他医疗服务,801156.SI,active,qdh-bj-20260830T124025
3,851610.SI,电能综合服务,801161.SI,active,qdh-bj-20260830T124025
3,851611.SI,火力发电,801161.SI,active,qdh-bj-20260830T124025
3,851612.SI,水力发电,801161.SI,active,qdh-bj-20260830T124025
3,851614.SI,热力服务,801161.SI,active,qdh-bj-20260830T124025
3,851616.SI,光伏发电,801161.SI,active,qdh-bj-20260830T124025
3,851617.SI,风力发电,801161.SI,active,qdh-bj-20260830T124025
3,851618.SI,核力发电,801161.SI,active,qdh-bj-20260830T124025
3,851619.SI,其他能源发电,801161.SI,active,qdh-bj-20260830T124025
3,851631.SI,燃气Ⅲ,801163.SI,active,qdh-bj-20260830T124025
3,851711.SI,港口,801992.SI,active,qdh-bj-20260830T124025
3,851721.SI,公交,801179.SI,active,qdh-bj-20260830T124025
3,851731.SI,高速公路,801179.SI,active,qdh-bj-20260830T124025
3,851741.SI,航空运输,801991.SI,active,qdh-bj-20260830T124025
3,851751.SI,机场,801991.SI,active,qdh-bj-20260830T124025
3,851761.SI,航运,801992.SI,active,qdh-bj-20260830T124025
3,851771.SI,铁路运输,801179.SI,active,qdh-bj-20260830T124025
3,851782.SI,原材料供应链服务,801178.SI,active,qdh-bj-20260830T124025
3,851783.SI,中间产品及消费品供应链服务,801178.SI,active,qdh-bj-20260830T124025
3,851784.SI,快递,801178.SI,active,qdh-bj-20260830T124025
3,851785.SI,跨境物流,801178.SI,active,qdh-bj-20260830T124025
3,851786.SI,仓储物流,801178.SI,active,qdh-bj-20260830T124025
3,851787.SI,公路货运,801178.SI,active,qdh-bj-20260830T124025
3,851811.SI,住宅开发,801181.SI,active,qdh-bj-20260830T124025
3,851812.SI,商业地产,801181.SI,active,qdh-bj-20260830T124025
3,851813.SI,产业地产,801181.SI,active,qdh-bj-20260830T124025
3,851831.SI,物业管理,801183.SI,active,qdh-bj-20260830T124025
3,851832.SI,房产租赁经纪,801183.SI,active,qdh-bj-20260830T124025
3,851833.SI,房地产综合服务,801183.SI,active,qdh-bj-20260830T124025
3,851922.SI,金融控股,801191.SI,active,qdh-bj-20260830T124025
3,851923.SI,期货,801191.SI,active,qdh-bj-20260830T124025
3,851924.SI,信托,801191.SI,active,qdh-bj-20260830T124025
3,851925.SI,租赁,801191.SI,active,qdh-bj-20260830T124025
3,851926.SI,金融信息服务,801191.SI,active,qdh-bj-20260830T124025
3,851927.SI,资产管理,801191.SI,active,qdh-bj-20260830T124025
3,851928.SI,其他多元金融,801191.SI,active,qdh-bj-20260830T124025
3,851931.SI,证券Ⅲ,801193.SI,active,qdh-bj-20260830T124025
3,851941.SI,保险Ⅲ,801194.SI,active,qdh-bj-20260830T124025
3,852021.SI,贸易Ⅲ,801202.SI,active,qdh-bj-20260830T124025
3,852031.SI,百货,801203.SI,active,qdh-bj-20260830T124025
3,852032.SI,超市,801203.SI,active,qdh-bj-20260830T124025
3,852033.SI,多业态零售,801203.SI,active,qdh-bj-20260830T124025
3,852034.SI,商业物业经营,801203.SI,active,qdh-bj-20260830T124025
3,852041.SI,专业连锁Ⅲ,801204.SI,active,qdh-bj-20260830T124025
3,852061.SI,综合电商,801206.SI,active,qdh-bj-20260830T124025
3,852062.SI,跨境电商,801206.SI,active,qdh-bj-20260830T124025
3,852063.SI,电商服务,801206.SI,active,qdh-bj-20260830T124025
3,852071.SI,旅游零售Ⅲ,801207.SI,active,qdh-bj-20260830T124025
3,852111.SI,人工景区,801993.SI,active,qdh-bj-20260830T124025
3,852112.SI,自然景区,801993.SI,active,qdh-bj-20260830T124025
3,852121.SI,酒店,801219.SI,active,qdh-bj-20260830T124025
3,852131.SI,旅游综合,801993.SI,active,qdh-bj-20260830T124025
3,852141.SI,餐饮,801219.SI,active,qdh-bj-20260830T124025
3,852161.SI,体育Ⅲ,801216.SI,active,qdh-bj-20260830T124025
3,852181.SI,人力资源服务,801218.SI,active,qdh-bj-20260830T124025
3,852182.SI,检测服务,801218.SI,active,qdh-bj-20260830T124025
3,852183.SI,会展服务,801218.SI,active,qdh-bj-20260830T124025
3,852184.SI,其他专业服务,801218.SI,active,qdh-bj-20260830T124025
3,852212.SI,电信运营商,801223.SI,active,qdh-bj-20260830T124025
3,852213.SI,通信工程及服务,801223.SI,active,qdh-bj-20260830T124025
3,852214.SI,通信应用增值服务,801223.SI,active,qdh-bj-20260830T124025
3,852226.SI,IT服务Ⅲ,801103.SI,active,qdh-bj-20260830T124025
3,852311.SI,综合Ⅲ,801231.SI,active,qdh-bj-20260830T124025
3,857111.SI,水泥制造,801711.SI,active,qdh-bj-20260830T124025
3,857112.SI,水泥制品,801711.SI,active,qdh-bj-20260830T124025
3,857121.SI,玻璃制造,801712.SI,active,qdh-bj-20260830T124025
3,857122.SI,玻纤制造,801712.SI,active,qdh-bj-20260830T124025
3,857221.SI,装修装饰Ⅲ,801722.SI,active,qdh-bj-20260830T124025
3,857236.SI,基建市政工程,801723.SI,active,qdh-bj-20260830T124025
3,857241.SI,钢结构,801724.SI,active,qdh-bj-20260830T124025
3,857242.SI,化学工程,801724.SI,active,qdh-bj-20260830T124025
3,857243.SI,国际工程,801724.SI,active,qdh-bj-20260830T124025
3,857244.SI,其他专业工程,801724.SI,active,qdh-bj-20260830T124025
3,857251.SI,园林工程,801723.SI,active,qdh-bj-20260830T124025
3,857261.SI,工程咨询服务Ⅲ,801726.SI,active,qdh-bj-20260830T124025
3,857321.SI,电网自动化设备,801738.SI,active,qdh-bj-20260830T124025
3,857323.SI,电工仪器仪表,801738.SI,active,qdh-bj-20260830T124025
3,857331.SI,综合电力设备商,801733.SI,active,qdh-bj-20260830T124025
3,857334.SI,火电设备,801733.SI,active,qdh-bj-20260830T124025
3,857336.SI,其他电源设备Ⅲ,801733.SI,active,qdh-bj-20260830T124025
3,857344.SI,线缆部件及其他,801738.SI,active,qdh-bj-20260830T124025
3,857351.SI,硅料硅片,801735.SI,active,qdh-bj-20260830T124025
3,857352.SI,光伏电池组件,801735.SI,active,qdh-bj-20260830T124025
3,857353.SI,逆变器,801735.SI,active,qdh-bj-20260830T124025
3,857354.SI,光伏辅材,801735.SI,active,qdh-bj-20260830T124025
3,857355.SI,光伏加工设备,801735.SI,active,qdh-bj-20260830T124025
3,857361.SI,风电整机,801736.SI,active,qdh-bj-20260830T124025
3,857362.SI,风电零部件,801736.SI,active,qdh-bj-20260830T124025
3,857371.SI,锂电池,801737.SI,active,qdh-bj-20260830T124025
3,857372.SI,电池化学品,801737.SI,active,qdh-bj-20260830T124025
3,857373.SI,锂电专用设备,801737.SI,active,qdh-bj-20260830T124025
3,857374.SI,燃料电池,801737.SI,active,qdh-bj-20260830T124025
3,857375.SI,蓄电池及其他电池,801737.SI,active,qdh-bj-20260830T124025
3,857381.SI,输变电设备,801738.SI,active,qdh-bj-20260830T124025
3,857382.SI,配电设备,801738.SI,active,qdh-bj-20260830T124025
3,857411.SI,航天装备Ⅲ,801741.SI,active,qdh-bj-20260830T124025
3,857421.SI,航空装备Ⅲ,801742.SI,active,qdh-bj-20260830T124025
3,857431.SI,地面兵装Ⅲ,801743.SI,active,qdh-bj-20260830T124025
3,857451.SI,军工电子Ⅲ,801745.SI,active,qdh-bj-20260830T124025
3,857641.SI,游戏Ⅲ,801764.SI,active,qdh-bj-20260830T124025
3,857651.SI,营销代理,801765.SI,active,qdh-bj-20260830T124025
3,857652.SI,广告媒体,801765.SI,active,qdh-bj-20260830T124025
3,857661.SI,影视动漫制作,801766.SI,active,qdh-bj-20260830T124025
3,857662.SI,院线,801766.SI,active,qdh-bj-20260830T124025
3,857671.SI,视频媒体,801767.SI,active,qdh-bj-20260830T124025
3,857673.SI,图片媒体,801767.SI,active,qdh-bj-20260830T124025
3,857674.SI,门户网站,801767.SI,active,qdh-bj-20260830T124025
3,857675.SI,文字媒体,801767.SI,active,qdh-bj-20260830T124025
3,857676.SI,其他数字媒体,801767.SI,active,qdh-bj-20260830T124025
3,857691.SI,教育出版,801769.SI,active,qdh-bj-20260830T124025
3,857692.SI,大众出版,801769.SI,active,qdh-bj-20260830T124025
3,857821.SI,国有大型银行Ⅲ,801782.SI,active,qdh-bj-20260830T124025
3,857831.SI,股份制银行Ⅲ,801783.SI,active,qdh-bj-20260830T124025
3,857841.SI,城商行Ⅲ,801784.SI,active,qdh-bj-20260830T124025
3,857851.SI,农商行Ⅲ,801785.SI,active,qdh-bj-20260830T124025
3,858811.SI,其他运输设备,801881.SI,active,qdh-bj-20260830T124025
3,858812.SI,摩托车,801881.SI,active,qdh-bj-20260830T124025
3,859511.SI,动力煤,801951.SI,active,qdh-bj-20260830T124025
3,859512.SI,焦煤,801951.SI,active,qdh-bj-20260830T124025
3,859521.SI,焦炭Ⅲ,801952.SI,active,qdh-bj-20260830T124025
3,859611.SI,油气开采Ⅲ,801961.SI,active,qdh-bj-20260830T124025
3,859621.SI,油田服务,801962.SI,active,qdh-bj-20260830T124025
3,859622.SI,油气及炼化工程,801962.SI,active,qdh-bj-20260830T124025
3,859631.SI,炼油化工,801963.SI,active,qdh-bj-20260830T124025
3,859632.SI,油品石化贸易,801963.SI,active,qdh-bj-20260830T124025
3,859633.SI,其他石化,801963.SI,active,qdh-bj-20260830T124025
3,859711.SI,大气治理,801971.SI,active,qdh-bj-20260830T124025
3,859712.SI,水务及水治理,801971.SI,active,qdh-bj-20260830T124025
3,859713.SI,固废治理,801971.SI,active,qdh-bj-20260830T124025
3,859714.SI,综合环境治理,801971.SI,active,qdh-bj-20260830T124025
3,859721.SI,环保设备Ⅲ,801972.SI,active,qdh-bj-20260830T124025
3,859811.SI,生活用纸,801981.SI,active,qdh-bj-20260830T124025
3,859812.SI,洗护用品,801981.SI,active,qdh-bj-20260830T124025
3,859821.SI,化妆品制造及其他,801982.SI,active,qdh-bj-20260830T124025
3,859822.SI,品牌化妆品,801982.SI,active,qdh-bj-20260830T124025
3,859831.SI,医美耗材,801983.SI,active,qdh-bj-20260830T124025
3,859832.SI,医美服务,801983.SI,active,qdh-bj-20260830T124025
3,859851.SI,学历教育,801994.SI,active,qdh-bj-20260830T124025
3,859852.SI,培训教育,801994.SI,active,qdh-bj-20260830T124025
3,859853.SI,教育运营及其他,801994.SI,active,qdh-bj-20260830T124025
3,859951.SI,电视广播Ⅲ,801995.SI,active,qdh-bj-20260830T124025
